{"_runtime":17.356961,"_step":0,"_wandb":{"runtime":17},"result":2,"_timestamp":1.7455224830119438e+09}