{"_wandb":{"runtime":15},"result":2,"_timestamp":1.7455224520613492e+09,"_runtime":15.645186,"_step":0}