{"_step":0,"result":2,"_timestamp":1.745522730497112e+09,"_runtime":12.955941,"_wandb":{"runtime":12}}