{"_timestamp":1.7455253839011478e+09,"_runtime":25.230773,"_step":0,"_wandb":{"runtime":25},"result":2}