{"_wandb":{"runtime":19},"result":2,"_timestamp":1.749063299373767e+09,"_runtime":19.317003,"_step":0}